Queries that uses “students” table:

create database training_sample;

show databases;
+--------------------+
| Database           |
+--------------------+
| information_schema |
| TEST               |
| mysql              |
| performance_schema |
| service_staion     |
| service_station    |
| training_sample    |
+--------------------+

Select all the students

select *
FRom students;

+--------+-------------+
| id     | name        |
+--------+-------------+
| 100001 | Thor        |
| 100002 | Hulk        |
| 100003 | Daredevil   |
| 100004 | X Man       |
| 100005 | Ironman     |
| 100006 | Quicksilver |
+--------+-------------+

Select all the students whose names starts with “H”

select * from students where name like "h%";
+--------+------+
| id     | name |
+--------+------+
| 100002 | Hulk |
+--------+------+

Select all the students whose name has the alphabet “a”

select * from students where name like "%a%";
+--------+-----------+
| id     | name      |
+--------+-----------+
| 100003 | Daredevil |
| 100004 | X Man     |
| 100005 | Ironman   |
+--------+-----------+

Select all the students and list the results sorted in alphabetical order(a-z).

Select * from students order by name;
+--------+-------------+
| id     | name        |
+--------+-------------+
| 100003 | Daredevil   |
| 100002 | Hulk        |
| 100005 | Ironman     |
| 100006 | Quicksilver |
| 100001 | Thor        |
| 100004 | X Man       |
+--------+-------------+

List the first “2” students with the results sorted in the alphabetical order(a-z).

Select * from students order by name limit 2;
+--------+------+
| id     | name |
+--------+------+
| 100001 | Thor |
| 100002 | Hulk |
+--------+------+

List the next “2” students(3rd and 4th) when they are sorted in the alphabetical order.

Select * from students order by name limit 2, 2;
+--------+-----------+
| id     | name      |
+--------+-----------+
| 100003 | Daredevil |
| 100004 | X Man     |
+--------+-----------+

Queries that uses “marks” table:

Select the students who has not appeared in the annual exams.
Format: All columns of the “marks” table.


select distinct * from marks where annual is NULL;
+------+------------+------------+-----------+-------------+--------+------+-------+
| id   | student_id | subject_id | quarterly | half_yearly | annual | year | grade |
+------+------------+------------+-----------+-------------+--------+------+-------+
| 1101 |     100001 |          1 |      NULL |        NULL |   NULL | 2007 |    10 |
+------+------------+------------+-----------+-------------+--------+------+-------+

Select the students who has not appeared in the annual exams during the year “2005”.
Format: student_id, subject_id, year


select student_id, subject_id, year from marks where annual is NULL and year like "2005";
Empty set (0.00 sec)

Select the students who has appeared in one of the exams - quarterly, half_yearly or annual.
Format: student_id, subject_id, year

select student_id, subject_id, year, annual, half_yearly, quarterly from marks
where 
not(annual is null and half_yearly is null and quarterly is null);
+------------+------------+------+--------+-------------+-----------+
| student_id | subject_id | year | annual | half_yearly | quarterly |
+------------+------------+------+--------+-------------+-----------+
|     100001 |          1 | 2003 |     91 |          79 |      NULL |
|     100002 |          1 | 2003 |     77 |          49 |        35 |
|     100003 |          1 | 2003 |     95 |          97 |       100 |
|     100004 |          1 | 2003 |     65 |          38 |        38 |
|     100005 |          1 | 2003 |    100 |          40 |        73 |
|     100001 |          2 | 2003 |     76 |          30 |      NULL |
|     100002 |          2 | 2003 |     87 |          45 |        37 |
|     100003 |          2 | 2003 |     98 |          91 |        93 |
|     100004 |          2 | 2003 |     63 |          59 |        93 |
|     100005 |          2 | 2003 |     45 |          89 |        34 |
|     100001 |          3 | 2003 |     89 |          86 |      NULL |
|     100002 |          3 | 2003 |     48 |          76 |        46 |
|     100003 |          3 | 2003 |     83 |        NULL |        46 |
|     100004 |          3 | 2003 |     31 |          74 |        71 |
|     100005 |          3 | 2003 |     36 |          54 |        34 |
|     100001 |          4 | 2003 |     80 |        NULL |      NULL |
|     100002 |          4 | 2003 |     31 |          43 |        52 |
|     100003 |          4 | 2003 |     99 |          95 |        91 |
|     100004 |          4 | 2003 |     39 |          76 |        46 |
|     100005 |          4 | 2003 |     94 |          41 |        80 |
|     100001 |          5 | 2003 |     88 |          31 |      NULL |
|     100002 |          5 | 2003 |     53 |          44 |        33 |
|     100003 |          5 | 2003 |     90 |          92 |        98 |
|     100004 |          5 | 2003 |     63 |          63 |        52 |
|     100005 |          5 | 2003 |     48 |          60 |        56 |
|     100001 |          1 | 2004 |     57 |          34 |        59 |
|     100002 |          1 | 2004 |     94 |          37 |        47 |
|     100003 |          1 | 2004 |     97 |          80 |        47 |
|     100004 |          1 | 2004 |     68 |          43 |        89 |
|     100005 |          1 | 2004 |     47 |          82 |        72 |
|     100001 |          2 | 2004 |     31 |          54 |        44 |
|     100002 |          2 | 2004 |     89 |          96 |        85 |
|     100003 |          2 | 2004 |     57 |          63 |        84 |
|     100004 |          2 | 2004 |     53 |          97 |        83 |
|     100005 |          2 | 2004 |     80 |          30 |        53 |
|     100001 |          3 | 2004 |     54 |          90 |        44 |
|     100002 |          3 | 2004 |     87 |          36 |        53 |
|     100003 |          3 | 2004 |     39 |          55 |        64 |
|     100004 |          3 | 2004 |     54 |          36 |        95 |
|     100005 |          3 | 2004 |     37 |          87 |        66 |
|     100001 |          4 | 2004 |     69 |          65 |        31 |
|     100002 |          4 | 2004 |     94 |          30 |        98 |
|     100003 |          4 | 2004 |     83 |          60 |        43 |
|     100004 |          4 | 2004 |     40 |          79 |        76 |
|     100005 |          4 | 2004 |     75 |          43 |        66 |
|     100001 |          5 | 2004 |     98 |          51 |        58 |
|     100002 |          5 | 2004 |     99 |          92 |        41 |
|     100003 |          5 | 2004 |     43 |          56 |        86 |
|     100004 |          5 | 2004 |     92 |          90 |        35 |
|     100005 |          5 | 2004 |     48 |          35 |        36 |
|     100001 |          1 | 2005 |     94 |          57 |        96 |
|     100002 |          1 | 2005 |     50 |          41 |        68 |
|     100003 |          1 | 2005 |     73 |          83 |        60 |
|     100004 |          1 | 2005 |     97 |          81 |        53 |
|     100005 |          1 | 2005 |     39 |          81 |        64 |
|     100001 |          2 | 2005 |     36 |          82 |        77 |
|     100002 |          2 | 2005 |     52 |          57 |        73 |
|     100003 |          2 | 2005 |     81 |          35 |        38 |
|     100004 |          2 | 2005 |     44 |          46 |        69 |
|     100005 |          2 | 2005 |     39 |          95 |        35 |
|     100001 |          3 | 2005 |     58 |          70 |        32 |
|     100002 |          3 | 2005 |     65 |          48 |        43 |
|     100003 |          3 | 2005 |     90 |          38 |        81 |
|     100004 |          3 | 2005 |     92 |          90 |        88 |
|     100005 |          3 | 2005 |     76 |          95 |        34 |
|     100001 |          4 | 2005 |     87 |          69 |        64 |
|     100002 |          4 | 2005 |     95 |          38 |        62 |
|     100003 |          4 | 2005 |     86 |          49 |        79 |
|     100004 |          4 | 2005 |     33 |          33 |        68 |
|     100005 |          4 | 2005 |     84 |          39 |        72 |
|     100001 |          5 | 2005 |    100 |          77 |        65 |
|     100002 |          5 | 2005 |     33 |          90 |        82 |
|     100003 |          5 | 2005 |     55 |          44 |        76 |
|     100004 |          5 | 2005 |     46 |          76 |        96 |
|     100005 |          5 | 2005 |     49 |          75 |        50 |
|     100001 |          1 | 2006 |     51 |          84 |        67 |
|     100002 |          1 | 2006 |     46 |          68 |        63 |
|     100003 |          1 | 2006 |     31 |          96 |        89 |
|     100004 |          1 | 2006 |     82 |          74 |        86 |
|     100005 |          1 | 2006 |     70 |          49 |        91 |
|     100001 |          2 | 2006 |     67 |          90 |        65 |
|     100002 |          2 | 2006 |     75 |          38 |        77 |
|     100003 |          2 | 2006 |     95 |          99 |       100 |
|     100004 |          2 | 2006 |     40 |          37 |       100 |
|     100005 |          2 | 2006 |     37 |          69 |        85 |
|     100001 |          3 | 2006 |     32 |        NULL |      NULL |
|     100002 |          3 | 2006 |     31 |          34 |        98 |
|     100003 |          3 | 2006 |     36 |          83 |        65 |
|     100004 |          3 | 2006 |     67 |          75 |        82 |
|     100005 |          3 | 2006 |     39 |          78 |        93 |
|     100001 |          4 | 2006 |     59 |          75 |        83 |
|     100002 |          4 | 2006 |     30 |          56 |        81 |
|     100003 |          4 | 2006 |     68 |          60 |        94 |
|     100004 |          4 | 2006 |     47 |          92 |        59 |
|     100005 |          4 | 2006 |     83 |          82 |        76 |
|     100001 |          5 | 2006 |     87 |          70 |        73 |
|     100002 |          5 | 2006 |     36 |          52 |        50 |
|     100003 |          5 | 2006 |     88 |          96 |        57 |
|     100004 |          5 | 2006 |     51 |          77 |        54 |
|     100005 |          5 | 2006 |     91 |          66 |        86 |
|     100002 |          1 | 2007 |     79 |          31 |        93 |
|     100003 |          1 | 2007 |     69 |          92 |        81 |
|     100004 |          1 | 2007 |     76 |          31 |        32 |
|     100005 |          1 | 2007 |     87 |          65 |        82 |
|     100001 |          2 | 2007 |     36 |          80 |        62 |
|     100002 |          2 | 2007 |     87 |          49 |        34 |
|     100003 |          2 | 2007 |     89 |          89 |        95 |
|     100004 |          2 | 2007 |     76 |          46 |        50 |
|     100005 |          2 | 2007 |     84 |          87 |        86 |
|     100001 |          3 | 2007 |     80 |          64 |        91 |
|     100002 |          3 | 2007 |     94 |          60 |        52 |
|     100003 |          3 | 2007 |     58 |          81 |        50 |
|     100004 |          3 | 2007 |     46 |          39 |        65 |
|     100005 |          3 | 2007 |     91 |          79 |        44 |
|     100001 |          4 | 2007 |     55 |          96 |        55 |
|     100002 |          4 | 2007 |     94 |          67 |        82 |
|     100003 |          4 | 2007 |     47 |          76 |        85 |
|     100004 |          4 | 2007 |     89 |          89 |        79 |
|     100005 |          4 | 2007 |     57 |          56 |        72 |
|     100001 |          5 | 2007 |     41 |          52 |        93 |
|     100002 |          5 | 2007 |     75 |          63 |        42 |
|     100003 |          5 | 2007 |     43 |          31 |        88 |
|     100004 |          5 | 2007 |     67 |          36 |        57 |
|     100005 |          5 | 2007 |     93 |          99 |        87 |
+------------+------------+------+--------+-------------+-----------+
124 rows in set (0.00 sec)

Select the students who has scored more than 90 in all the exams - quarterly, half_yearly and annual.
Format: student_id, subject_id, year, quarterly, half_yearly, annual

select student_id, subject_id, year, quarterly, half_yearly, annual 
from marks 
where annual > 90 and half_yearly > 90 and quarterly >90;
+------------+------------+------+-----------+-------------+--------+
| student_id | subject_id | year | quarterly | half_yearly | annual |
+------------+------------+------+-----------+-------------+--------+
|     100003 |          1 | 2003 |       100 |          97 |     95 |
|     100003 |          2 | 2003 |        93 |          91 |     98 |
|     100003 |          4 | 2003 |        91 |          95 |     99 |
|     100003 |          2 | 2006 |       100 |          99 |     95 |
+------------+------------+------+-----------+-------------+--------+
4 rows in set (0.00 sec)

List the average marks(in quarterly, half_yearly & annual) for each subject scored for the year.
Format: student_id, subject_id, average, year

select
student_id, subject_id,    
(     (ifnull(quarterly,0) + ifnull(half_yearly,0)+ ifnull(annual,0) )/ 3   ) as average , year     
from marks;

List the average marks(in quarterly, half_yearly & annual) for each subject scored for the years 2003 & 2004
Format: student_id, subject_id, average, year
















